Best_Model,ROC_AUC,Threshold,Dataset_Size,Fraud_Rate
Random Forest,0.9797833068230106,0.07543622338300957,284807,0.001727485630620034
